effective_year,effective_month,property_id,lease_code,lease_unit,lease_terms_start,lease_terms_expiry,lease_terms_term,lease_terms_option,lease_terms_nla,rent_review_date,rent_review_description,rent_review_type
2023,12,130PARRY,PARRYSTEEL,GROUND,01/08/2021,31/07/2026,5Y,5 yrs,1,01/08/2024,3.5%INC,Commercial Rent
2023,12,130PARRY,Vacant,LEVEL2,,,,,,,,
2023,12,130PARRY,CUTCHERNEA,LEVEL3,26/07/2021,25/07/2031,10Y,2 x 5yrs,1,26/07/2024,3.5%INC,Commercial Rent
2023,12,132PACIFIC,Vacant,SUITE2,,,,,,,,
2023,12,132WOLLOMB,BOULTONALE,WHOLE,02/03/2018,01/03/2021,3Y,3 yrs,48,,,
2023,12,134WOLLOMB,HOLEEJULIE,SHOP1,01/06/2010,31/05/2015,5Y,Nil,55,,,
2023,12,134WOLLOMB,EVERETTMAC,SHOP2,27/07/2018,26/07/2021,3Y,3 yrs,55,27/07/2024,See Lease,Commercial Rent
2023,12,134WOLLOMB,RYANVETERI,SHOP3,28/11/2023,27/11/2028,5Y,2 x 5 yrs,55,28/11/2024,> CPI or %,Commercial Rent
2023,12,145BBEAUMO,Vacant,WHOLE,,,,,,,,
2023,12,165PENSHUR,Vacant,UNIT1,,,,,,,,
2023,12,165PENSHUR,AUSWIDECON,UNITS2/3,09/10/2023,08/11/2023,1M,,1063,,,
2023,12,1AYANGAN,AUSPOSTCOR,WHOLE,30/09/2023,29/09/2030,7Y,2 x 5Yrs,2146,30/09/2024,> CPI or %,Commercial Rent
2023,12,22JOHNS-U6,LITTLEBNUR,UNIT6,07/06/2022,06/06/2024,2Y,2yrs,1,07/06/2023,> CPI or %,Commercial Rent
2023,12,26DOAKDALE,C3CHURCHVI,WHOLE,01/12/2023,30/11/2026,3Y,5 yrs,2290,01/12/2024,> CPI or %,Commercial Rent
2023,12,27JURA,Vacant,WHOLE,,,,,,,,
2023,12,310HILLSBO,HAPPYH,WHOLE,01/12/2023,30/11/2028,5Y,5 years,980,01/12/2024,3.5%INC,Commercial Rent
2023,12,426KIN,PEGASUSCB,CB,01/04/2020,31/03/2025,5Y,60 months,712,01/04/2025,Market Review,Office Rent
2023,12,426KIN,Vacant,CP301,,,,,,,,
2023,12,426KIN,TOSHIBAC21,CPG03,01/08/2022,30/06/2025,2Y 11M,N/A,0.01,01/08/2024,3% INC,Car Park Rent
2023,12,426KIN,ORDMINN,G01,01/05/2023,30/04/2028,5Y,24 months,220,01/05/2025,3.5%INC,Office Rent
2023,12,426KIN,PEGASUSG02,G02,10/01/2020,31/03/2025,5Y 2M 22D,60 months,263,10/01/2025,3% INC,Office Rent
2023,12,426KIN,TOSHIBAG03,G03,01/07/2022,30/06/2025,3Y,N/A,87,01/07/2024,3% INC,Office Rent
2023,12,426KIN,SWITCHDIN,0101,17/11/2023,16/11/2028,5Y,,240,17/11/2024,> CPI or %,Commercial Rent
2023,12,426KIN,Vacant,0102,,,,,,,,
2023,12,426KIN,SWIDIN,101,01/12/2022,30/11/2027,5Y,N/A,0.01,,,
2023,12,426KIN,APPCORP,201,01/05/2020,31/07/2025,5Y 3M,60 months,441,01/05/2025,3% INC,Office Rent
2023,12,426KIN,APPCORP,201,01/05/2020,31/07/2025,5Y 3M,60 months,441,,,
2023,12,426KIN,WALKERLAW,202,23/10/2023,22/10/2026,3Y,,121,23/10/2024,> CPI or %,Commercial Rent
2023,12,426KIN,PSCCOAST,203,01/06/2021,31/05/2024,3Y,N/A,120,,,
2023,12,426KIN,JUDOBANK,301,01/02/2023,31/01/2028,5Y,N/A,251,01/02/2025,> CPI or %,Car Park Rent
2023,12,426KIN,BGE,302,19/12/2019,18/12/2024,5Y,24 months,329,19/12/2024,Market Review,Office Rent
2023,12,426KIN,YOKOGAWA,303,01/06/2021,31/05/2026,5Y,60 months,148,01/06/2024,3% INC,Office Rent
2023,12,426KIN,Vacant,S01,,,,,,,,
2023,12,46RIVER-U7,Vacant,UNIT7,,,,,,,,
2023,12,482ESPLANA,MUSE,CT1,01/12/2021,30/11/2026,5Y,5Yrs,98,01/12/2024,3% INC,Commercial Rent
2023,12,482ESPLANA,SIENACRUZ,CT2,01/11/2021,31/12/2025,4Y 2M,4Yrs,150,01/11/2024,3.5%INC,Commercial Rent
2023,12,53ELWEL-U5,LEVARN,UNIT5,01/09/2023,31/08/2026,3Y,3 yrs,1,01/09/2024,> CPI or %,Commercial Rent
2023,12,543HUNTER,IMPRINT,GROUND,01/05/2023,30/04/2028,5Y,1 x 5 YRS,145,01/05/2025,2% INC,Commercial Rent
2023,12,543HUNTER,GUILIACHRI,LEVEL1,10/07/2023,07/07/2024,11M 28D,,101,,,
2023,12,591HUN,Vacant,S01,,,,,,,,
2023,12,593HUN,Vacant,593HUN,,,,,,,,
2023,12,5AMURRAYD,FRASERMOTO,1,15/09/2021,14/09/2036,15Y,,2045,15/09/2024,4% INC,Industrial Rent
2023,12,5AMURRAYD,FRASERMOT,2,15/09/2021,14/09/2036,15Y,,2045,15/09/2024,4% INC,Commercial Rent
2023,12,5AMURRAYD,FRASER,3,15/09/2021,14/09/2036,15Y,,2045,15/09/2024,4% INC,Industrial Rent
2023,12,5MUST,TOMRA,K01,05/02/2018,30/01/2027,8Y 11M 26D,,1,01/12/2024,3% INC,Special Area Rent Site G0185
2023,12,5MUST,SOUTCROS,K02,01/11/2023,31/10/2026,3Y,24 months,1,01/11/2024,1.5% INC,Special Area Rent
2023,12,5MUST,COINOP,K03,01/11/2023,31/10/2028,5Y,0,1,,,
2023,12,5MUST,INNORET,K04,01/11/2022,01/11/2023,1Y 1D,,0,,,
2023,12,5MUST,AMAFUR-T01,T01,14/10/2017,13/10/2027,10Y,60 months,6109.3,14/10/2024,3% INC,Retail Rent
2023,12,5MUST,NICKSCA,T02,12/03/2019,11/03/2026,7Y,60 months,2504,12/03/2025,CPI Review,Retail Rent
2023,12,5MUST,ANACO-T04,T04,05/09/2017,04/09/2027,10Y,120 months,1604,05/09/2024,CPI Review,Retail Rent
2023,12,5MUST,LOUN-T04,T04A,30/11/2020,16/06/2026,5Y 6M 18D,36 months,920,17/06/2024,4% INC,Retail Rent
2023,12,5MUST,LOUN-T05,T05,30/11/2020,16/06/2026,5Y 6M 18D,36 months,702,,,
2023,12,5MUST,HVSOCIAL,T06,30/06/2023,29/06/2028,5Y,60 months,33.3,30/06/2023,3.5%INC,Retail Rent
2023,12,5MUST,AMAFUR-M01,M01,14/10/2017,13/10/2027,10Y,60 months,71,,,
2023,12,5MUST,ANACO-M02,M02,05/09/2017,04/09/2027,10Y,120 months,124,,,
2023,12,615HUN,PROPDEV,615HUN,01/01/2019,31/12/2020,2Y,N/A,1310,,,
2023,12,77MAIT,NEXTPAY,ATM,01/03/2022,28/02/2027,5Y,,0.01,01/03/2024,2.5% INC,Special Area Rent
2023,12,77MAIT,VALMORGAN,DM1DM2DM3,01/09/2023,31/08/2028,5Y,5 yrs,0.01,01/09/2024,3% INC,Special Area Rent
2023,12,77MAIT,ANYSPACE,K003,01/04/2023,30/06/2023,3M,,0.01,,,
2023,12,77MAIT,SOUTCR03,K03,01/12/2023,30/11/2025,2Y,2Yrs,0.01,01/12/2024,3% INC,Special Area Rent
2023,12,77MAIT,SOUTCR04,K04,01/12/2023,30/11/2025,2Y,2Yrs,0.01,01/12/2024,3% INC,Special Area Rent
2023,12,77MAIT,PLATCAVE,S031,18/12/2021,17/12/2028,7Y,84 months,225,18/12/2024,3% INC,Retail Rent
2023,12,77MAIT,WEEZER,S032,21/12/2020,20/12/2025,5Y,60 months,123,21/12/2024,3.5%INC,Retail Rent
2023,12,77MAIT,LEESKITCH,S033,30/05/2023,29/05/2030,7Y,,116,30/05/2025,4% INC,Retail Rent
2023,12,77MAIT,SONIC,S051,06/08/2021,05/08/2026,5Y,36 months,53,06/08/2024,3% INC,Retail Rent
2023,12,77MAIT,LRTRA-S052,S052,09/12/2020,08/12/2025,5Y,,69,09/12/2024,4% INC,Retail Rent
2023,12,77MAIT,NARGIS,S053,01/07/2021,30/06/2028,7Y,,123,01/07/2024,4% INC,Retail Rent
2023,12,77MAIT,BARRI-K01,K01,01/10/2021,30/09/2027,6Y,60 months,25,01/10/2024,2.5% INC,Retail Rent
2023,12,77MAIT,BARRI-K02,K02,01/10/2021,30/09/2027,6Y,60 months,32,,,
2023,12,77MAIT,COLES,M01,09/12/2020,08/12/2035,15Y,120 months,4305,,,
2023,12,77MAIT,MITAMIYA,S02A,09/12/2020,08/03/2027,6Y 3M,60 months,80,09/12/2024,4% INC,Retail Rent
2023,12,77MAIT,BARBER,S02B,09/12/2020,08/12/2027,7Y,84 months,49,09/12/2024,3.5%INC,Retail Rent
2023,12,77MAIT,COIN-VM01,VM01,01/08/2022,31/07/2027,5Y,,0.01,,,
2023,12,77MAIT,COIN-VM02,VM02,01/08/2022,31/07/2027,5Y,,0.01,,,
2023,12,8-10CHARLE,SUPPORTGRO,WHOLE,15/11/2023,14/11/2028,5Y,5 yrs,355.65,15/11/2024,> CPI or %,Commercial Rent
2023,12,80DARBY,AGILEWORK,WHOLE,16/05/2021,15/05/2026,5Y,5Yrs,1,16/05/2024,CPI Review,Retail Rent
2023,12,81BROA-U11,Vacant,UNIT11,,,,,,,,
2023,12,88MAIT-U9,GOTYOURBAC,UNIT9,24/07/2023,23/07/2026,3Y,3years,1,24/07/2024,Market Review,Commercial Rent
2023,12,95PAC,PRPDIAGNO,G01/G02,01/07/2020,30/06/2030,10Y,72 months,397,01/07/2024,CPI Review,Office Rent
2023,12,95PAC,ALLIAN-101,101,18/03/2020,28/02/2026,5Y 11M 11D,72 months,1184,01/03/2025,> CPI or %,Office Rent
2023,12,95PAC,ALLIAN-201,201,18/03/2020,28/02/2026,5Y 11M 11D,72 months,1126,01/03/2025,> CPI or %,Office Rent
2023,12,95PAC,HUNTCOAS,301,13/12/2021,05/03/2029,7Y 2M 21D,60 months,533,13/12/2024,2.5% INC,Office Rent
2023,12,ACCOL24-U1,PRESSUREST,UNIT,01/03/2024,28/02/2026,2Y,2 yrs,303,01/03/2025,> CPI or %,Industrial Rent
2023,12,ACCOL24-U3,ACMENGINEE,UNIT3,11/05/2022,10/05/2025,3Y,2 yrs,403,11/05/2025,Market Review,Industrial Rent
2023,12,ACCOLAD45,MIDCOAST,WHOLE,02/03/2022,01/03/2032,10Y,2x5Yrs,1500,02/03/2025,3% INC,Industrial Rent
2023,12,ACCOLAD49,SNKGROUP,WHOLE,01/02/2021,31/12/2999,978Y 11M,"Nil Option,Rolling",5500,31/12/2999,See Lease,Industrial Rent
2023,12,ADVANT64,KINHEALTH,UNIT1,14/03/2022,13/03/2027,5Y,5Yrs,290,14/03/2025,> CPI or %,Industrial Rent
2023,12,ADVANT64,BERRY,UNIT3,01/09/2022,31/08/2025,3Y,3Yrs,203,01/09/2024,> CPI or %,Industrial Rent
2023,12,ALMA1-7,SEOUNGJI,SHOP1,30/01/2023,01/02/2028,5Y 3D,5Yrs,35,30/01/2025,4% INC,Retail Rent
2023,12,ALMA1-7,NEWLAMB,SHOP3,05/06/2023,04/06/2025,2Y,3Yrs,44,05/06/2024,3.5%INC,Retail Rent
2023,12,ALMA1-7,DUNNS,WHOLE,01/01/2023,31/12/2025,3Y,3Yrs,99,01/01/2025,CPI Review,Retail Rent
2023,12,ALMA1-7,MOLLYME,WHOLE/261,01/01/2023,31/12/2024,2Y,Nil,25,,,
2023,12,ALMA1-7,BRAING,WHOLE/7,01/07/2021,30/06/2024,3Y,3Yrs,93.5,01/07/2024,Market Review,Retail Rent
2023,12,ALMAROAD29,KIMNICOLE,29,01/12/2020,30/11/2025,5Y,5Yrs,53,01/12/2024,2% INC,Retail Rent
2023,12,ALMAROAD29,NEVERON,31,01/04/2023,31/03/2026,3Y,3Yrs,53,01/04/2025,4% INC,Retail Rent
2023,12,ALMAROAD29,LAMBTON,33,12/01/2023,11/01/2026,3Y,3Yrs,26,12/01/2025,3.5%INC,Retail Rent
2023,12,ALMAROAD29,FORGETME,35,01/07/2022,30/06/2025,3Y,3Yrs,25,01/07/2024,3% INC,Retail Rent
2023,12,ALMAROAD29,VIETNAMESE,37,01/09/2023,30/11/2026,3Y 3M,Nil,73,01/12/2024,2.5% INC,Retail Rent
2023,12,ALMAROAD29,FURNTEK,39,01/12/2022,30/11/2024,2Y,1Yrs,42,01/12/2024,Market Review,Commercial Rent
2023,12,ALUMIN9-11,STARTRACK,WHOLE,01/07/2023,30/06/2025,2Y,2Yrs,3474,,,
2023,12,ARCHIBALD2,GANZINTERN,WHOLE,17/11/2023,16/11/2028,5Y,2x 5 yrs,2139,17/11/2024,> CPI or %,Commercial Rent
2023,12,ARUNGA15,909MOTORS,UNIT1,16/02/2023,15/02/2025,2Y,2Yrs,896,16/02/2024,CPI Review,
2023,12,ARUNGA15,ADBERYKAT,UNIT2,30/01/2023,29/01/2026,3Y,2Yrs,916,31/01/2025,> CPI or %,Industrial Rent
2023,12,ARUNGA5,FORMOSA,UNIT7,03/10/2022,02/10/2025,3Y,3Yrs,232,03/10/2024,> CPI or %,Commercial Rent
2023,12,BABILLA21,SAMHORN,UNIT7,01/08/2023,31/07/2025,2Y,Nil,219,01/08/2024,> CPI or %,Industrial Rent
2023,12,BABILLA21,DYNAMIC,UNIT8,01/07/2023,30/06/2025,2Y,2Yrs,176,01/07/2024,5% INC,Industrial Rent
2023,12,BABILLA6,ANANDA-U1,UNIT1,01/06/2021,31/05/2024,3Y,,1230,,,
2023,12,BABILLA6,ANANDA-U2,UNIT2,08/03/2022,07/03/2025,3Y,3Yrs,1155,08/03/2025,Market Review,Industrial Rent
2023,12,BABILLA6,CH4DRILL,UNIT3,08/01/2021,07/04/2024,3Y 3M,3Yrs,1155,08/04/2024,Market Review,Industrial Rent
2023,12,BABILLA6,WALTON,UNIT4,27/03/2023,26/03/2026,3Y,3Yrs,1155,27/03/2025,> CPI or %,Industrial Rent
2023,12,BALOOK19,REMATIPTOP,WHOLE,08/12/2023,07/12/2028,5Y,3 yrs,2173.91,08/12/2024,3.5%INC,Industrial Rent
2023,12,BALOOK4,AMAGROU4,WHOLE,05/02/2021,04/02/2026,5Y,2x5Yrs,3174,05/02/2025,CPI Review,Industrial Rent
2023,12,BALOOK5,JENALAD,WHOLE,01/07/2019,30/06/2025,6Y,5Yrs,730,01/07/2024,> CPI or %,Industrial Rent
2023,12,BEAUMO20,EVOLUTION,WHOLE,14/04/2022,13/04/2027,5Y,5+5+5Yrs,1,14/04/2025,3.5%INC,Commercial Rent
2023,12,BEAUMO70,LSCAFE,WHOLE,21/04/2020,20/04/2025,5Y,5Yrs,130,21/04/2025,Market Review,Retail Rent
2023,12,BELFORD122,SMILE,WHOLE,01/09/2023,31/08/2034,11Y,1 x 10 yrs,420,01/09/2024,3.5%INC,Commercial Rent
2023,12,BELFORD9,UNDERTRADE,WHOLE,16/01/2023,15/01/2026,3Y,3+3Yrs,1495,16/01/2025,> CPI or %,Industrial Rent
2023,12,BELMORE17,RNJDPTY,WHOLE,10/08/2018,31/12/2999,981Y 4M 22D,Rolling,490.5,,,
2023,12,BOLTON22,LEECLARKE,C/PK,04/09/2021,03/09/2026,5Y,Nil,25.5,04/09/2024,3% INC,Car Park Rent
2023,12,BOLTON22,POLICEBANK,WHOLE,04/09/2021,03/09/2026,5Y,5Yrs,131,04/09/2024,3% INC,Commercial Rent
2023,12,BOTANY1553,Vacant,OFFICE,,,,,,,,
2023,12,BOTANY1553,Vacant,SHOWROOM,,,,,,,,
2023,12,BOTANY1553,Vacant,WAREHOUSE2,,,,,,,,
2023,12,BOTANY1553,Vacant,WARHOUSE1,,,,,,,,
2023,12,BOTANY1553,ISLAMICCOM,UNIT1,01/11/2022,31/10/2025,3Y,,278.113,01/11/2024,4% INC,Commercial Rent
2023,12,BOURKE111,BOYTONGEOF,CONTAINTER,01/05/2022,31/12/2999,977Y 8M,Rolling,15,,,
2023,12,BOURKE111,LINXPORT,OFCA,26/09/2022,25/09/2025,3Y,3+2Yrs,1748,26/09/2024,3.5%INC,Commercial Rent
2023,12,BOURKE111,ETCRPTY,SHED/A3,04/03/2022,03/03/2025,3Y,3Yrs,1470,04/03/2025,Market Review,Industrial Rent
2023,12,BOURKE111,LUST-SHEDB,SHED/B,21/02/2022,20/04/2027,5Y 2M,5Yrs,3363,21/02/2025,> CPI or %,Industrial Rent
2023,12,BOURKE111,CUMI,SHED/D,20/02/2022,19/02/2025,3Y,3Yrs,430,20/02/2025,Market Review,Industrial Rent
2023,12,BOURKE111,LUST-SHEDC,SHEDC,19/09/2022,18/09/2027,5Y,5Yrs,170,,,
2023,12,BREAKWE27,FELCHILD,WHOLE,26/08/2019,25/08/2039,20Y,10+10Yrs,856.58,26/08/2024,CPI Review,Commercial Rent
2023,12,BROAD53-55,TRANSFORMA,UNIT1,15/01/2023,14/01/2026,3Y,,1,15/01/2025,3.5%INC,Commercial Rent
2023,12,BROAD53-55,JLACTIVEGR,UNIT2,01/09/2021,31/08/2026,5Y,5 yrs,1,01/09/2024,3% INC,Commercial Rent
2023,12,BROAD81-U4,Vacant,UNIT4,,,,,,,,
2023,12,BROADME66,MEJIASFRAN,WHOLE,01/12/2023,30/11/2028,5Y,Nil,679,01/12/2024,> CPI or %,Commercial Rent
2023,12,BROWN11,SELECT,GRDFLR,16/04/2023,15/04/2026,3Y,2Yrs,266.8,16/04/2025,3% INC,Commercial Rent
2023,12,BROWN11,WHITEHOUSE,LEVEL1,01/11/2021,31/10/2024,3Y,3Yrs,264,01/11/2024,Market Review,Commercial Rent
2023,12,BROWN11,PROPNSW-L2,LEVEL2,20/12/2022,19/12/2027,5Y,,985,20/12/2024,3.5%INC,Retail Rent
2023,12,BRUNKER252,ADAMMART,SUITEA,06/03/2023,05/03/2026,3Y,3+3Yrs,1,06/03/2025,3.5%INC,Retail Rent
2023,12,BRUNKER252,KOULOURIS,SUITEB,06/06/2022,05/06/2025,3Y,3Yrs,1,06/06/2024,CPI Review,Commercial Rent
2023,12,BRUNKER252,NGRPTY,SUITEC,01/04/2023,31/03/2026,3Y,1+3Yrs,1,,,
2023,12,BULWER14,MACMILLANS,SUITE1,18/12/2020,17/12/2027,7Y,7Yrs,544,18/12/2024,3% INC,Commercial Rent
2023,12,BULWER14,MAITLAND,SUITE2,16/05/2022,15/11/2028,6Y 6M,6Yrs,930,16/05/2024,CPI Review,Commercial Rent
2023,12,BULWER14,PROPDEVNSW,GRDFLR,25/11/2020,24/11/2027,7Y,7Yrs,717.1,25/11/2024,3% INC,Commercial Rent
2023,12,CAMERON10,Vacant,10A,,,,,,,,
2023,12,CAMERON10,COERULEA,UNIT1,01/04/2023,31/03/2028,5Y,5Yrs,346,01/04/2024,> CPI or %,Commercial Rent
2023,12,CESSNO74,SIMPLYBLIS,SHOP1,01/10/2021,30/09/2024,3Y,3+3Yrs,1,01/10/2024,Market Review,Retail Rent
2023,12,CESSNO74,PURELUX,SHOP2,17/03/2021,16/03/2024,3Y,3+3Yrs,1,17/03/2025,3% INC,Retail Rent
2023,12,CHATHA103,MULTIPLEX,WHOLE,21/11/2022,20/11/2024,2Y,1Yrs,300,21/11/2024,Market Review,Commercial Rent
2023,12,CHRISTO22,SAGE,UNIT2,01/07/2021,30/06/2024,3Y,3Yrs,634,01/07/2024,Market Review,Industrial Rent
2023,12,CLEARY58,TALISCONS,58,08/09/2022,07/09/2025,3Y,3+3Yrs,122,25/08/2024,> CPI or %,Commercial Rent
2023,12,CLEARY58,Vacant,58A,,,,,,,,
2023,12,CLYDE54,Vacant,UNIT16,,,,,,,,
2023,12,CLYDE54,Vacant,UNIT21,,,,,,,,
2023,12,CLYDE54,SFDN-U2A,UNIT2A,28/03/2011,31/12/2999,988Y 9M 4D,Rolling,82,,,
2023,12,CLYDE54,VIVALEIS,UNIT2B,10/12/2021,09/12/2024,3Y,3Yrs,235,10/12/2024,Market Review,Commercial Rent
2023,12,CLYDE54,VERVE,UNIT2C,02/04/2024,01/04/2027,3Y,3Yrs,205,01/04/2024,See Lease,Commercial Rent
2023,12,CLYDE54,MCQUALITY,UNIT2D,13/04/2023,12/04/2026,3Y,2Yrs,205,13/04/2025,Maximum of CPI,Commercial Rent
2023,12,CLYDE54,TREATREHAB,UNIT2E,01/12/2023,30/11/2026,3Y,3yr + 2yr,331,01/12/2024,> CPI or %,Commercial Rent
2023,12,CLYDE54,Vacant,UNIT2F,,,,,,,,
2023,12,CLYDE54,Vacant,UNIT2G,,,,,,,,
2023,12,CLYDE54,Vacant,UNIT2H,,,,,,,,
2023,12,CLYDE54,HVC,UNIT2I,01/07/2023,30/06/2024,1Y,3Yrs,90,01/07/2024,Market Review,Industrial Rent
2023,12,CLYDE54,SFDN-U2J,UNIT2J,01/04/2022,31/03/2025,3Y,3Yrs,720,01/04/2025,Market Review,Commercial Rent
2023,12,CLYDE54,Vacant,UNIT2M,,,,,,,,
2023,12,CLYDE54,Vacant,UNIT2N,,,,,,,,
2023,12,CLYDE54,Vacant,UNIT3A,,,,,,,,
2023,12,CLYDE54,Vacant,UNIT3B,,,,,,,,
2023,12,CLYDE54,Vacant,UNIT3C,,,,,,,,
2023,12,CLYDE54,LIFE-U01,UNIT01,01/07/2023,30/06/2026,3Y,Nil,450,01/07/2024,CPI Review,Retail Rent
2023,12,CLYDE54,DAVOR-U03,UNIT03,01/06/2011,31/12/2999,988Y 7M,Rolling,455,,,
2023,12,CLYDE54,DAVOR-U04,UNIT04,01/06/2011,31/12/2999,988Y 7M,Rolling,310,,,
2023,12,CLYDE54,Vacant,UNIT05,,,,,,,,
2023,12,CLYDE54,RICKBARRET,UNIT06,01/11/2023,31/10/2026,3Y,3 yrs,310,01/11/2024,CPI Review,Retail Rent
2023,12,CLYDE54,KRIVOPTY,UNIT07,15/02/2023,14/02/2025,2Y,2Yrs,310,15/02/2025,3.5%INC,Retail Rent
2023,12,CLYDE54,RMHOLT,UNIT08,11/12/2023,10/12/2026,3Y,3Yrs,310,11/12/2024,CPI Review,Retail Rent
2023,12,CLYDE54,MIRROR,UNIT10,01/12/2008,31/12/2999,991Y 1M,Rolling,340,01/12/2024,CPI Review,Commercial Rent
2023,12,CLYDE54,DTM-U12,UNIT12,01/12/2022,31/05/2023,6M,Holding Over,1735,,,
2023,12,CLYDE54,DONOVAN,UNIT14A,14/04/2023,13/04/2028,5Y,5Yrs,370,14/04/2025,> CPI or %,Retail Rent
2023,12,CLYDE54,STRENGTH,UNIT14B,01/12/2011,31/12/2999,988Y 1M,Rolling,1140,02/12/2024,CPI Review,Commercial Rent
2023,12,CLYDE54,WALKOM,UNIT15,26/07/2021,25/07/2024,3Y,2Yrs,110,26/07/2024,Market Review,Commercial Rent
2023,12,CLYDE54,DTM-U17,UNIT17,29/07/2022,28/07/2025,3Y,3+3Yrs,820,29/07/2024,> CPI or %,Industrial Rent
2023,12,CLYDE54,DTM-U17,UNIT17,29/07/2022,28/07/2025,3Y,3+3Yrs,820,,,
2023,12,CLYDE54,DTM-U30,UNIT18/30,29/07/2022,28/07/2025,3Y,3+3Yrs,1980,,,
2023,12,CLYDE54,SETTLEMENT,UNIT19,01/12/2020,30/11/2023,3Y,2Yrs,130,01/12/2024,> CPI or %,Commercial Rent
2023,12,CLYDE54,HAYLEYCASS,UNIT22,19/07/2021,18/07/2024,3Y,,320,,,
2023,12,CLYDE54,NSWMHAIR,UNIT23,01/01/2020,31/12/2021,2Y,Holding Over,190,,,
2023,12,CLYDE54,BLACKSWAN,UNIT23A,01/12/2022,30/11/2024,2Y,2+2Yrs,230,01/12/2024,CPI Review,Commercial Rent
2023,12,CLYDE54,OILMAN,UNIT24,26/05/2019,25/05/2022,3Y,Holding Over,300,26/05/2024,CPI Review,Commercial Rent
2023,12,CLYDE54,Vacant,UNIT25,,,,,,,,
2023,12,CLYDE54,Vacant,UNIT26,,,,,,,,
2023,12,CLYDE54,DTM-U27,UNIT27,18/09/2023,28/07/2025,1Y 10M 11D,3yr + 3yr,340,18/09/2024,> CPI or %,Commercial Rent
2023,12,CLYDE54,DTM-U28,UNIT28,29/07/2022,28/07/2025,3Y,3+3Yrs,730,29/07/2024,> CPI or %,Industrial Rent
2023,12,CLYDE54,Vacant,UNIT29,,,,,,,,
2023,12,CLYDE54,MAXIFLYPTY,UNIT31,02/01/2024,01/01/2029,5Y,,390,02/01/2025,CPI Review,Commercial Rent
2023,12,CLYDE54,TILMAN,UNIT32,01/07/2019,30/06/2022,3Y,Holding Over,600,01/07/2024,CPI Review,Commercial Rent
2023,12,CLYDE54,DAVERN-U33,UNIT33,01/04/2012,31/12/2999,987Y 9M,Rolling,345,01/04/2025,CPI Review,Commercial Rent
2023,12,CLYDE54,DTM-U34,UNIT34,29/07/2022,28/07/2025,3Y,3+3Yrs,620,29/07/2024,> CPI or %,Industrial Rent
2023,12,CLYDE54,FABRICAE,UNIT35,01/12/2022,30/11/2025,3Y,3Yrs,340,01/12/2024,> CPI or %,Commercial Rent
2023,12,CLYDE54,NWDVCAS,UNIT38,01/09/2022,31/08/2025,3Y,3Yrs,560,01/09/2024,> CPI or %,Commercial Rent
2023,12,CLYDE54,Vacant,UNIT39,,,,,,,,
2023,12,CLYDE54,LUNAMARI,UNIT40,01/06/2023,31/05/2028,5Y,5Yrs,110,01/06/2024,> CPI or %,Retail Rent
2023,12,CLYDE56,Vacant,OFFICEPARK,,,,,,,,
2023,12,CLYDE56,MARLINENEW,UNITF,01/07/2022,30/06/2027,5Y,5 yrs,1,,,
2023,12,CLYDE56,RPCTECHNOL,UNITS56,01/04/2022,01/04/2025,3Y 1D,Nil,15250,,,
2023,12,COALWA5-7,AUHAIL-U1,UNIT1,29/06/2023,28/06/2026,3Y,3Yrs,963.87,29/06/2024,> CPI or %,Industrial Rent
2023,12,COALWA5-7,AUHAIL-U2,UNIT2,29/06/2023,28/06/2024,1Y,3Yrs,965.5,,,
2023,12,COALWA5-7,Vacant,UNIT3,,,,,,,,
2023,12,COALWA5-7,Vacant,UNIT4,,,,,,,,
2023,12,COALWASH2,SLABTECH,WHOLE,22/06/2023,21/06/2028,5Y,5Yrs,2165,22/06/2024,4% INC,Industrial Rent
2023,12,COALWASH6,SAPHI,UNIT6,22/05/2023,21/05/2026,3Y,1Yrs,205,22/05/2025,3.5%INC,Industrial Rent
2023,12,CONCORD3,CUTTING,UNIT2,01/07/2022,30/06/2025,3Y,Nil,383,01/07/2024,> CPI or %,Industrial Rent
2023,12,CRAFTS30,GLOBAL,WHOLE,15/08/2023,14/08/2028,5Y,5+5+5Yrs,2806,15/08/2024,> CPI or %,Commercial Rent
2023,12,DARBY249,Vacant,WHOLE,,,,,,,,
2023,12,DARBY259,66DEGCAFE,SHOP1,08/06/2016,07/06/2021,5Y,3yrs,32,,,
2023,12,DARBY269,TUMCLU,SHOP3,20/03/2019,19/03/2029,10Y,5Yrs,32,20/03/2025,Market Review,Retail Rent
2023,12,DARBY5,FOGHORN,218,01/03/2014,28/02/2026,12Y,7Yrs,850,01/03/2025,3% INC,Retail Rent
2023,12,DARBY5,LIGHTYEARS,5/7,01/01/2021,31/12/2030,10Y,10+5Yrs,400,01/01/2025,4% INC,Retail Rent
2023,12,DARBY92,MAXWELL,WHOLE,23/09/2021,22/09/2026,5Y,5Yrs,986,23/09/2024,> CPI or %,Commercial Rent
2023,12,DARLING37,TARALEE,UNIT40,09/07/2023,08/01/2024,6M,,63,,,
2023,12,DENISO148,COMMON,WHOLE,01/10/2020,30/09/2025,5Y,5Yrs,700,01/10/2024,3% INC,
2023,12,DENISON28,Vacant,UNIT1,,,,,,,,
2023,12,DENNEY10,REDFROG,UNIT1,01/03/2021,29/02/2028,7Y,5+5Yrs,1432,01/03/2025,> CPI or %,Commercial Rent
2023,12,DENNEY10,ACTROL,UNIT2,17/03/2022,16/03/2027,5Y,5+5Yrs,1383,17/03/2025,CPI Review,Industrial Rent
2023,12,DEVONSHI80,Vacant,WHOLE,,,,,,,,
2023,12,DOWN30-32,FAYT,GRDFLR/1ST,05/07/2022,04/07/2025,3Y,,1,05/07/2024,> CPI or %,Commercial Rent
2023,12,EDGAR17,CASTLE,LOTS2/3,23/11/2020,30/06/2025,4Y 7M 8D,2Yrs,277,01/07/2024,CPI Review,Commercial Rent
2023,12,ELWELL13,STOTTINDU,UNIT1,02/09/2019,01/09/2021,2Y,Rolling,614,02/09/2024,> CPI or %,Industrial Rent
2023,12,ELWELL13,MLI,UNIT2,17/06/2023,16/06/2026,3Y,3+3Yrs,452,17/06/2024,3.5%INC,Industrial Rent
2023,12,ELWELL57,HUMEDOORS,WHOLE,01/07/2020,30/04/2024,3Y 10M,Nil,1412,01/05/2024,Market Review,Industrial Rent
2023,12,ELWELL61,HAWKEYES,UNIT3,02/12/2022,01/12/2025,3Y,Nil,251.72,02/12/2024,> CPI or %,Industrial Rent
2023,12,ENTECRES12,BLACKROCK,WHOLE,09/08/2022,08/08/2024,2Y,,1032,08/08/2024,3% INC,Industrial Rent
2023,12,ENTERPRI13,MIXER,WHOLE,05/08/2022,04/08/2025,3Y,3Yrs,1335,05/08/2024,> CPI or %,Industrial Rent
2023,12,ENTERPRI24,HEDSS,UNIT4,20/10/2022,19/10/2025,3Y,5+5Yrs,242,20/10/2024,> CPI or %,Industrial Rent
2023,12,ENTERPRI49,WINAPPLI,WHOLE,01/03/2023,28/02/2025,2Y,,897,,,
2023,12,ENTERPRI52,QUARRY-U1,UNIT1,01/07/2023,30/06/2028,5Y,5Yrs,1011,01/07/2024,> CPI or %,Industrial Rent
2023,12,ENTERPRI52,QUARRY-U2,UNIT2,01/07/2023,30/06/2028,5Y,5Yrs,500,,,
2023,12,ENTERPRI77,HYVAPAC,WHOLE,13/03/2023,12/03/2026,3Y,3Yrs,1186,13/03/2025,CPI Review,Industrial Rent
2023,12,FIREBRI10,NEWCA-OFC,OFFICE,01/02/2021,31/01/2026,5Y,5Yrs,502,01/02/2025,2% INC,Industrial Rent
2023,12,FORBES56,BROWN,CTR1,01/05/2023,30/04/2024,1Y,,1,,,
2023,12,FORBES56,DOUBLE,FIRSTFLOOR,01/06/2023,31/05/2025,2Y,,250,01/06/2024,2% INC,
2023,12,FORBES56,VIBENEWCAS,GRDFLR/OFC,30/08/2023,28/02/2025,1Y 6M 1D,2 x 3Yrs,250,30/08/2024,4% INC,Commercial Rent
2023,12,FORBES56,SEAGRASS,SHED/G2,01/02/2023,31/01/2026,3Y,3Yrs,420,01/02/2025,> CPI or %,Industrial Rent
2023,12,FORBES56,SOLARTECH,SHEDG1,10/04/2023,09/04/2026,3Y,3Yrs,210,10/04/2024,> CPI or %,Commercial Rent
2023,12,FORUM,ACORCON,101,01/09/2022,31/08/2027,5Y,12 months,450,01/09/2024,3% INC,Office Rent
2023,12,FORUM,VERTO,102,01/07/2022,30/06/2025,3Y,12 months,292,01/07/2024,3.5%INC,Office Rent
2023,12,FORUM,ORACLE,201,01/01/2018,31/12/2026,9Y,60 months,342,01/01/2025,3% INC,Office Rent
2023,12,FORUM,CIVICA,202,01/03/2022,31/08/2027,5Y 6M,60 months,225,01/03/2025,> CPI or %,Office Rent
2023,12,FORUM,Vacant,203,,,,,,,,
2023,12,FORUM,FOURWAVE,301,23/04/2021,22/04/2026,5Y,60 months,445,23/04/2024,> CPI or %,Office Rent
2023,12,FORUM,360COMM,302,04/01/2024,03/01/2029,5Y,,302,04/01/2025,3.5%INC,Office Rent
2023,12,FORUM,HOYTS,CINEMA,01/07/2011,30/06/2036,25Y,,2188,01/07/2024,CPI Review,Retail Rent
2023,12,FORUM,BLAKE,CP082,01/08/2023,31/07/2024,1Y,,0.01,01/08/2024,3% INC,Car Park Rent
2023,12,FORUM,READING,CP083,01/08/2023,31/07/2024,1Y,,0.01,01/08/2024,3% INC,Car Park Rent
2023,12,FORUM,SWAN,CP084,01/08/2023,31/07/2024,1Y,,0.01,01/08/2024,3% INC,Car Park Rent
2023,12,FORUM,FREEMAN,CP085,01/08/2023,31/07/2024,1Y,,0.01,01/08/2024,3% INC,Car Park Rent
2023,12,FORUM,NICHOLLS,CP086,01/08/2023,31/07/2024,1Y,,0.01,01/08/2024,3% INC,Car Park Rent
2023,12,FORUM,Vacant,CP114/5/6,,,,,,,,
2023,12,FORUM,HEWLETT,G01,01/05/2021,30/04/2031,10Y,,753,01/05/2024,> CPI or %,Office Rent
2023,12,FORUM,Vacant,G02,,,,,,,,
2023,12,FORUM,KLEINAUS,G03,15/11/2020,14/11/2025,5Y,60 months,372,15/11/2024,3% INC,Office Rent
2023,12,FORUM,APCPROS,G04,01/08/2021,31/07/2031,10Y,60 months,652,23/08/2024,> CPI or %,Office Rent
2023,12,FORUM,BALEBOSH,SIG01,01/07/2022,31/12/2023,1Y 6M,,0.01,,,
2023,12,GAMBAN61,HERITAGE,SHOP1,23/09/2023,02/04/2026,2Y 6M 11D,3 YRS,1,03/04/2024,CPI Review,Commercial Rent
2023,12,GAMBAN61,PHAMILY,SHOP1A,01/03/2019,29/02/2024,5Y,,1,,,
2023,12,GAMBAN61,BOYDKERRY,SHOP2,01/05/2023,30/04/2026,3Y,3Yrs,62.1,01/05/2025,2.5% INC,Retail Rent
2023,12,GAMBAN61,IMPULSE-S3,SHOP3,08/04/2023,07/04/2026,3Y,3Yrs,1,,,
2023,12,GAMBAN61,MCGAW,UNIT1,29/11/2013,31/12/2999,986Y 1M 3D,Rolling,1,,,
2023,12,GAMBAN61,FROOME,UNIT2,30/11/2011,31/12/2999,988Y 1M 2D,Rolling,1,,,
2023,12,GAMBAN61,MORRIS,UNIT3,06/02/2023,05/02/2024,1Y,,1,,,
2023,12,GAMBAN61,BURNS,UNIT4,30/09/2011,31/12/2999,988Y 3M 2D,Rolling,1,,,
2023,12,GARNETT6,STARCABS,WHOLE,15/01/2023,14/01/2025,2Y,,1,,,
2023,12,GILLIE,PHPGILLI,B201,07/05/2021,06/05/2031,10Y,120 months,PHPGILLI  ,07/05/2024,> CPI or %,Retail Rent
2023,12,GILLIE,TILLYS,B301,24/08/2021,23/08/2036,15Y,120 months,TILLYS    ,24/08/2024,> CPI or %,
2023,12,GILLIE,SHERWOOD,B501,14/12/2022,13/12/2028,6Y,72 months,SHERWOOD  ,14/12/2024,4% INC,Retail Rent
2023,12,GILLIE,SPINLAU,B502,24/11/2021,23/11/2031,10Y,60 months,SPINLAU   ,24/11/2024,3% INC,Retail Rent
2023,12,GILLIE,LRTRA-B503,B503,29/11/2021,28/11/2026,5Y,60 months,LRTRA-B503,29/11/2024,3% INC,Retail Rent
2023,12,GILLIE,DOMINOS,B504,06/12/2021,05/12/2031,10Y,60 months,DOMINOS   ,06/12/2024,3% INC,Retail Rent
2023,12,GILLIE,PANDAROO,B505,17/11/2021,16/11/2029,8Y,96 months,PANDAROO  ,17/11/2024,3% INC,Retail Rent
2023,12,GILLIE,GILHEIGH,M01,28/09/2021,27/09/2036,15Y,120 months,GILHEIGH  ,28/09/2024,CPI Review,
2023,12,GIRLING11,BRODIE,WHOLE,12/03/2022,11/03/2025,3Y,3Yrs,228.1,12/03/2024,> CPI or %,Industrial Rent
2023,12,GLEBE513,LOCALCUSTO,WHOLE,09/11/2023,08/11/2026,3Y,4x 5yr,1,09/11/2026,4% INC,Retail Rent
2023,12,GLENWO10,OXWORKS,WHOLE,01/06/2023,31/05/2028,5Y,5Yrs,1623,01/06/2024,> CPI or %,Industrial Rent
2023,12,GLENWO100,JAYBRO,SHOP1/GF,01/12/2022,30/11/2025,3Y,3Yrs,1,01/12/2024,CPI Review,Commercial Rent
2023,12,GLENWO28,ONEPOWER,UNIT3,23/10/2021,22/10/2024,3Y,3Yrs,1,23/10/2023,> CPI or %,
2023,12,GLENWO30,LIFESTYLE,UNIT3,01/02/2023,31/01/2027,4Y,2+2Yrs,1,01/02/2025,> CPI or %,Commercial Rent
2023,12,GLENWO4,EVASUPPORT,UNIT4,01/11/2021,31/10/2024,3Y,3Yrs,288,,,
2023,12,GLENWO71,LYNX-WHS,WHS,16/08/2021,15/08/2026,5Y,5Yrs,504,,,
2023,12,GLENWO8,SHIFTHEAL,WHOLE,01/05/2021,30/04/2024,3Y,3Yrs,410,01/05/2024,Market Review,Industrial Rent
2023,12,HANNELL166,PENSAR,UNIT4,01/12/2022,30/11/2025,3Y,3Yrs,356,01/12/2024,> CPI or %,Industrial Rent
2023,12,HANNELL38,SUPERWICK,SUITE2,13/10/2021,12/10/2029,8Y,2 x 7Yrs,271,13/10/2024,2.5% INC,Retail Rent
2023,12,HANNELL66,AAVETSOLU,WHOLE,01/03/2021,28/02/2026,5Y,5Yrs,1,01/03/2025,Maximum of CPI,Industrial Rent
2023,12,HARVEST3,TILLYSEDUC,WHOLE,29/11/2021,28/11/2036,15Y,10Yrs,1,29/11/2024,> CPI or %,Commercial Rent
2023,12,HIGH354,MAITECH,FIRSTFLOOR,01/01/2023,31/12/2025,3Y,3Yrs,90,01/01/2025,3% INC,Outgoings
2023,12,HIGH354,HUNTERSUPP,GRDFLR,20/11/2023,19/11/2025,2Y,2yrs,124,20/11/2024,CPI Review,Commercial Rent
2023,12,HIGH410,Vacant,WHOLE,,,,,,,,
2023,12,HONEY17-18,HARBAR,WHOLE,06/08/2022,05/08/2028,6Y,6Yrs,209,06/08/2024,CPI Review,Outgoings
2023,12,HONEY9-11,BARBERA,UNIT2,01/01/2023,31/12/2027,5Y,5+5+5+5Yrs,340,01/01/2025,3% INC,Rent Reduction
2023,12,HONEYDRI1,BUTTERFISH,WHOLE,19/05/2020,18/11/2023,3Y 6M,Holding Over,139,,,
2023,12,HONEYSUC1,GREATHUNT,WHOLE,20/10/2023,19/10/2024,1Y,5Yrs,143,20/10/2024,CPI Review,Retail Rent
2023,12,HUNT108-U2,MACPHERSSA,UNIT2,09/03/2022,08/03/2025,3Y,3Yrs,0.01,09/03/2025,Market Review,Retail Rent
2023,12,HUNT342,Vacant,G01,,,,,,,,
2023,12,HUNT342,Vacant,G02,,,,,,,,
2023,12,HUNT342,Vacant,L0103,,,,,,,,
2023,12,HUNT342,Vacant,L0104,,,,,,,,
2023,12,HUNT35-37,COREAT,WHOLE,01/06/2022,31/05/2025,3Y,2x3Yrs,196,01/06/2024,CPI Review,Retail Rent
2023,12,HUNT364,Vacant,WHOLE,,,,,,,,
2023,12,HUNT37-U1,HUNTPUMP,WHOLE,16/04/2023,15/04/2024,1Y,,520,,,
2023,12,HUNT37-U2,HUNTERVAL,UNIT2/3,19/07/2021,18/07/2024,3Y,3Yrs,520,19/07/2024,Market Review,Outgoings
2023,12,HUNTER136,Vacant,AREAB,,,,,,,,
2023,12,HUNTER136,CHEMIST,SHOP1/GF,01/08/2021,31/07/2026,5Y,,452,01/08/2024,4% INC,Retail Rent
2023,12,HUNTER136,COMCOLPTY,SUITE2,01/08/2023,31/07/2029,6Y,,452,01/08/2024,3% INC,Commercial Rent
2023,12,HUNTER136,Vacant,LWRGRD,,,,,,,,
2023,12,HUNTER136,Vacant,LEVEL2,,,,,,,,
2023,12,HUNTER136,Vacant,LEVEL1,,,,,,,,
2023,12,HUNTER423,FINANCE,GRDFLR,01/07/2020,30/06/2023,3Y,Holding Over,1,,,
2023,12,HUNTER423,SUTHERLAND,SHOP1,11/10/2021,10/10/2023,2Y,,1,,,
2023,12,HUNTER423,CARDILLO,WHOLE,01/09/2022,31/08/2027,5Y,5Yrs,1,01/09/2024,3% INC,Commercial Rent
2023,12,HUNTER461,DBCOPTYLTD,GROUND,12/09/2023,11/09/2025,2Y,2Yrs,257,12/09/2024,3.5%INC,Retail Rent
2023,12,HUNTER461,BOSTALENT,SUITE2,29/05/2023,28/05/2025,2Y,,154,29/05/2024,3.5%INC,
2023,12,HUNTER461,GLOBALCOM,SUITE3,01/04/2024,31/03/2025,1Y,Nil,154.6,,,
2023,12,HUNTER826,HONEYHUNT,SUITE1,01/06/2023,31/05/2026,3Y,,102,01/06/2024,> CPI or %,Commercial Rent
2023,12,HUNTER826,HUNDREDS,SUITE2,22/08/2022,21/08/2025,3Y,,107,22/08/2024,> CPI or %,Outgoings
2023,12,HUNTER826,ADVANCED,WHOLE,08/11/2021,07/11/2023,2Y,Holding Over,250,,,
2023,12,HUNTING16,ASIAREPUSA,UNIT9,01/11/2023,31/10/2026,3Y,2 x 1 years,262,01/11/2024,> CPI or %,Commercial Rent
2023,12,JOHN22-U16,HONEST,UNIT16,16/05/2022,15/05/2025,3Y,3Yrs,104,16/05/2024,> CPI or %,Industrial Rent
2023,12,JOHN34,TEAGAN,UNIT4,01/02/2023,31/01/2026,3Y,3Yrs,1,01/02/2025,CPI + 1%,Retail Rent
2023,12,JOHNSON22,Vacant,UNIT20,,,,,,,,
2023,12,JOHNSON22,Vacant,UNIT21,,,,,,,,
2023,12,JOHNSON22,CLEVELAND,UNITS20/21,16/05/2023,15/05/2024,1Y,1Yrs,1,16/05/2024,Fixed Value,Commercial Rent
2023,12,KALINGA27,IMAGINE,WHOLE,26/11/2020,25/11/2040,20Y,5+5+5Yrs,1400,26/11/2024,CPI + 1%,Commercial Rent
2023,12,KENNIN15,MONARO,WHOLE,19/06/2023,18/06/2026,3Y,3Yrs,490,19/06/2024,3% INC,
2023,12,KENRI10-16,Vacant,SHOP4,,,,,,,,
2023,12,KENRI10-16,MAYURA,SHOP7,01/11/2022,31/10/2023,1Y,3Yrs,34,01/11/2024,Market Review,Commercial Rent
2023,12,KING1,MJTR,SHOP1,09/08/2023,08/08/2026,3Y,2+3Yrs,242.7,09/08/2024,Fixed Value,Retail Rent
2023,12,KING1,AHERLA,SHOP2/CPK,16/10/2022,15/10/2027,5Y,5+5Yrs,244.6,16/10/2024,3% INC,Retail Rent
2023,12,KING1,EASTEND,SHOP3/4,03/12/2010,02/12/2024,14Y,5Yrs,155,03/12/2023,4% INC,
2023,12,KING176,AJRUSSELL,LEVEL1,27/04/2022,26/04/2024,2Y,2Yrs,75,01/05/2024,Market Review,Commercial Rent
2023,12,KING176,MARSHALL,SHOP1,09/01/2023,08/01/2026,3Y,3Yrs,95,09/01/2024,4% INC,
2023,12,KING176,UMIEPTY,SHOP1/178,01/06/2023,31/05/2025,2Y,,35,01/06/2024,3% INC,Retail Rent
2023,12,KING176,CALLIEJADE,SHOP2/176,01/07/2021,30/06/2022,1Y,Holding Over,84,,,
2023,12,KING275,SERVICEAUS,WHOLE,16/04/2023,15/04/2026,3Y,1 x 3yrs,1838,16/04/2026,3% INC,Commercial Rent
2023,12,KING51,REMANE,UNIT4,14/07/2022,13/10/2027,5Y 3M,5Yrs,92,14/07/2024,CPI Review,Retail Rent
2023,12,KINGS2-6,SAFE-CPK,C/PK,01/03/2024,28/02/2025,1Y,1Yrs,0.01,01/03/2024,Market Review,
2023,12,KINGS2-6,ARTC-CP14,C/PK14,01/09/2022,31/08/2024,2Y,,0.01,01/09/2024,4% INC,
2023,12,KINGS2-6,ARTC-CP78,C/PK78,01/09/2022,31/08/2027,5Y,2+2Yrs,0.01,,,
2023,12,KINGS2-6,ARTC-S2,SUITE2,01/09/2022,31/08/2027,5Y,2+2Yrs,1690,,,
2023,12,KINGS2-6,SAFE-S4,SUITE4,01/03/2024,28/02/2025,1Y,1Yr,930,01/03/2024,Expiry/Option,Commercial Rent
2023,12,KINGS2-6,ARTC-S6,SUITE6,01/09/2022,31/08/2024,2Y,,465,,,
2023,12,KINGS8-14,SLRCONSULT,UNIT10,01/09/2018,31/08/2026,8Y,3+3Yrs,1062,01/09/2024,> CPI or %,Commercial Rent
2023,12,KINGS8-14,ARISTOCRAT,UNIT12,01/09/2019,31/08/2024,5Y,5Yrs,1144,01/09/2024,Market Review,Commercial Rent
2023,12,KINGS8-14,KIRBYHVACR,UNIT14,01/04/2023,31/03/2026,3Y,3Yrs,800,01/04/2024,3% INC,Commercial Rent
2023,12,KINGS8-14,NBNCO,UNIT8,01/11/2023,31/10/2025,2Y,,694,01/11/2024,3.5%INC,Commercial Rent PO 504762
2023,12,KINTA18,ALTRAINDUS,UNIT1,14/09/2022,13/09/2025,3Y,3+3Yrs,620,14/09/2024,> CPI or %,Industrial Rent
2023,12,KINTA18,WATERTREAT,UNIT2,09/05/2022,08/05/2024,2Y,1+1Yrs,527,09/05/2024,Market Review,Industrial Rent
2023,12,KINTA18,EVANGRAHAM,UNIT3,07/10/2022,06/10/2025,3Y,1Yrs,620,07/10/2024,3% INC,Industrial Rent
2023,12,KINTA18,ADRADPTY,UNIT4,11/08/2023,10/08/2026,3Y,3+3Yrs,527,11/08/2024,> CPI or %,Industrial Rent
2023,12,KINTA23,AMAGROU23,WHOLE,05/02/2021,04/02/2026,5Y,2x5Yrs,1810,05/02/2024,CPI Review,
2023,12,KINTA30,TASTEX,UNIT1,25/09/2023,24/09/2026,3Y,1 x 3yrs,864,25/09/2024,> CPI or %,Industrial Rent
2023,12,KINTA30,BELAIR,UNIT2,21/04/2022,20/04/2024,2Y,2Yrs,864,,,
2023,12,LAKER112,WORKERS,WHOLE,01/07/2023,30/06/2028,5Y,5Yrs,1300,01/07/2024,Fixed Value,
2023,12,LAKERO352,MCLEOD,WHOLE,01/08/2021,31/07/2026,5Y,5+5+5Yrs,977,01/08/2024,2.25% INC,Retail Rent
2023,12,LANGROAD11,LITTLE,WHOLE,10/04/2018,09/04/2028,10Y,5+5Yrs,1,10/04/2024,> CPI or %,Commercial Rent
2023,12,MAIT394-U7,SMALLTALKS,UNIT7,12/09/2023,11/09/2026,3Y,3 yrs,1,12/09/2024,3.5%INC,Commercial Rent
2023,12,MAITLAN141,CARA,UNIT1,01/10/2023,30/09/2024,1Y,2yrs & 1 yr,1,01/10/2024,Market Review,Commercial Rent
2023,12,MAITLAN141,TFL,UNIT2,01/10/2020,30/09/2025,5Y,5Yrs,780,01/10/2024,3% INC,Commercial Rent
2023,12,MAITLAN161,MCNAMARA,201,15/11/2022,14/11/2025,3Y,3 + 3 Yrs,102,15/11/2024,CPI Review,Commercial Rent
2023,12,MAITLAN161,NEWCASTPOD,202,01/06/2022,31/05/2025,3Y,3Yrs,50,01/06/2024,CPI Review,Outgoings
2023,12,MAITLAN161,LINKCON,203,23/01/2023,22/01/2024,1Y,1+1Yrs,65,,,
2023,12,MAITLAN161,THEPHYSIO,204,01/03/2022,29/02/2028,6Y,6Yrs,160,01/03/2025,3% INC,Commercial Rent
2023,12,MAITLAN161,KINDMINDS,205,24/10/2023,23/10/2024,1Y,1yr + 1yr,71,24/10/2024,Market Review,Commercial Rent
2023,12,MAITLAN161,ORION,206,19/09/2023,18/09/2024,1Y,1Yrs,90,19/09/2024,> CPI or %,Commercial Rent
2023,12,MAITLAN161,Vacant,305,,,,,,,,
2023,12,MAITLAN161,RAMSAY,401,01/04/2021,31/03/2024,3Y,,350,,,
2023,12,MAITLAN161,NETWORK,402,01/03/2021,29/02/2024,3Y,Rolling+3Yrs,210,,,
2023,12,MAITLAN161,MAXSOLU,FIRSTFLOOR,01/08/2022,15/02/2025,2Y 6M 15D,,560,01/08/2024,3% INC,Outgoings
2023,12,MAITLAN161,NAVITAS,SHOP1,01/07/2022,30/06/2023,1Y,Holding Over,159,,,
2023,12,MAITLAN161,TRIKON,SHOP2,08/04/2022,07/04/2023,1Y,Holding Over,47,,,
2023,12,MAITLAN161,VERTOLTD,SHOP3,19/09/2022,18/09/2024,2Y,1+1+1Yrs,52,19/09/2024,Market Review,Commercial Rent
2023,12,MAITLAN161,MARISSA,SHOP4,04/12/2022,03/12/2024,2Y,2Yrs,90,04/12/2024,> CPI or %,Commercial Rent
2023,12,MAITLAN161,SMITHFAM,SHOP5,10/10/2020,09/10/2025,5Y,5Yrs,185,01/10/2024,3% INC,Commercial Rent
2023,12,MAITLAN250,BRISAN,WHOLE,01/09/2021,31/08/2026,5Y,5Yrs,1,01/09/2024,CPI Review,
2023,12,MAITLAN260,WOOLWORTHS,WHOLE,27/03/2013,26/03/2028,15Y,5+5+5+5Yrs,1,27/03/2025,< CPI or %,Commercial Rent
2023,12,MAITLAN316,DEKLAN,SUITE1,20/12/2023,19/12/2024,1Y,Nil,1,,,
2023,12,MAITLAN316,NEWCASTLE,SUITE2,01/07/2022,30/06/2027,5Y,5Yrs,1,01/07/2024,CPI Review,Commercial Rent
2023,12,MAITLAN52,KOKUMHAIR,WHOLE,07/11/2022,06/11/2027,5Y,5Yrs,48,07/11/2024,CPI Review,Commercial Rent
2023,12,MAITLAN56,JOHANSON,WHOLE,03/04/2023,02/06/2029,6Y 2M,5Yrs,56,03/04/2024,CPI Review,Outgoings
2023,12,MAITLAND65,DEARPETAL,WHOLE,03/10/2023,02/10/2026,3Y,3yrs,1600,03/10/2024,Fixed Value,Retail Rent
2023,12,MAYFAIR,TWOWHEEL,UNIT16,14/11/2022,13/11/2023,1Y,1Yr-not exercised,116,14/11/2023,Market Review,Industrial Rent
2023,12,MAYFAIR,LTLANDS,UNIT17,05/09/2022,04/09/2023,1Y,Nil,116,05/09/2023,Market Review,Industrial Rent
2023,12,MAYFAIR20,Vacant,UNIT04,,,,,,,,
2023,12,MAYFAIR20,KENWOR-U14,UNIT14,01/10/2022,30/09/2023,1Y,Hold-over,185,,,
2023,12,MAYFAIR20,Vacant,UNIT18,,,,,,,,
2023,12,MCDOUGALL3,FORTRESS,UNIT1,06/08/2021,05/08/2024,3Y,2x3Yrs,1059,06/08/2024,Market Review,Industrial Rent
2023,12,MCMICHA5,MLTWCON,WHOLE,01/02/2023,31/01/2026,3Y,1Yrs,260,01/02/2025,> CPI or %,Industrial Rent
2023,12,MEDCALF58,Vacant,UNIT1,,,,,,,,
2023,12,MEDCALF58,Vacant,UNIT1A,,,,,,,,
2023,12,MEDCALF58,Vacant,UNIT3,,,,,,,,
2023,12,MEDCALF58,Vacant,UNIT4,,,,,,,,
2023,12,MEDCALF60,HOTTACKLE,WHOLE,07/10/2022,06/10/2027,5Y,5Yrs,506,07/10/2024,> CPI or %,Commercial Rent
2023,12,MEDOW,BRADBERRY,S01/06,01/09/2021,31/08/2031,10Y,120 months,669,01/09/2024,3% INC,
2023,12,MEDOW,BOY-RED,S07/08,16/08/2021,15/08/2031,10Y,60 months,608,16/08/2024,> CPI or %,
2023,12,MEDOW,THUYPHAM,S09,11/10/2021,10/10/2026,5Y,60 months,60,11/10/2024,3% INC,Retail Rent
2023,12,MEDOW,LITTLEBEG,S14,15/10/2021,14/10/2036,15Y,120 months,845,15/10/2024,> CPI or %,Retail Rent
2023,12,MITCHELL23,ENZO4D,SUITE9,01/10/2021,30/09/2026,5Y,5+5Yrs,90,01/10/2024,2.5% INC,Commercial Rent
2023,12,MITCHELL27,GROVES,UNIT1,28/03/2022,27/03/2027,5Y,5+5Yrs,73,28/03/2025,4% INC,Commercial Rent
2023,12,MITCHELL27,Vacant,UNIT2,,,,,,,,
2023,12,MITCHELL29,AARYARAJ,WHOLE,23/11/2020,22/11/2025,5Y,5+5Yrs,329,23/11/2024,CPI Review,Retail Rent
2023,12,MITCHELL63,TIMFARRAGH,WHOLE,01/01/2023,31/12/2025,3Y,,941,01/01/2024,See Lease,Management Fees Recovered
2023,12,MOATE12,AMANDA,WHOLE,13/01/2023,12/01/2024,1Y,,80,,,
2023,12,MUIR5,KFCSANDYSH,SHOP1,03/10/2023,02/10/2033,10Y,2 x 10Yrs,1015,03/10/2024,3% INC,Commercial Rent
2023,12,MUIR5,RESTOM,SHOP2,18/08/2023,17/08/2038,15Y,15Yrs + 2x5,220,18/08/2024,> CPI or %,Commercial Rent
2023,12,MUNIB56-60,TRENDWINDO,GROUND,01/01/2022,31/12/2024,3Y,+3yrs,2889,,,
2023,12,MUNIBU108A,BFIFIRE,WHOLE,01/11/2021,31/10/2023,2Y,,1020,09/11/2024,> CPI or %,Industrial Rent
2023,12,MUNIBUN36,3METECHNO,UNIT1/2,01/06/2020,31/05/2025,5Y,5Yrs,2400,01/06/2024,Fixed Value,Industrial Rent
2023,12,MUNIBUN46,BASEBUILD,UNIT1,12/03/2022,11/03/2024,2Y,3Yrs,1440,12/03/2024,Market Review,Industrial Rent
2023,12,MUNIBUN46,AUZPARTS,UNIT2,01/06/2021,31/05/2024,3Y,Nil,1427,01/06/2024,Market Review,Industrial Rent
2023,12,MUNIBUN46,CAPRAL,UNIT3,01/07/2017,30/06/2025,8Y,Nil,1122,01/07/2024,CPI Review,Industrial Rent
2023,12,MUNIBUN69,NEWCAR,UNIT1,01/05/2021,30/04/2024,3Y,3Yrs,306,01/05/2024,Market Review,
2023,12,MUNIBUN72,KIRILY,UNIT1,08/11/2023,07/11/2026,3Y,2Yr,455,01/07/2024,See Lease,Variable Outgoings
2023,12,MUNIBUN72,PENDERBEE,UNIT2,01/05/2019,30/04/2021,2Y,Nil,380,01/05/2024,CPI Review,Industrial Rent
2023,12,MUSTA29-U2,WASHGROUP,UNIT2,22/12/2021,21/12/2024,3Y,3Yrs,441,22/12/2024,Market Review,Industrial Rent
2023,12,MUSTA29-U3,GLENMILTON,UNIT3,24/09/2019,23/09/2025,6Y,3Yrs,441,24/09/2024,> CPI or %,
2023,12,MUSTANG77,TREGOOSE,TENANCY1,01/07/2022,30/06/2027,5Y,5Yrs,1,01/07/2024,CPI Review,Commercial Rent
2023,12,MUSTANG77,MAXIMUS,TENANCY2,01/07/2022,30/06/2027,5Y,5Yrs,1,01/07/2024,CPI Review,Commercial Rent
2023,12,MWFUEL,7ELEVEN,S01,22/09/2022,21/09/2034,12Y,60 months,421,22/09/2024,CPI Review,Retail Rent
2023,12,MWFUEL,WASHMED,S02,21/09/2022,20/09/2032,10Y,120 months,341,21/09/2023,1.5% INC,Retail Rent
2023,12,NEWENG319,7ELEV2363,SHOP1,28/11/2019,27/11/2034,15Y,5+5+5+5yrs,220,28/11/2024,3% INC,Retail Rent
2023,12,NEWENG319,GUZMAN,SHOP2,28/11/2019,27/11/2029,10Y,10+10Yrs,271,28/11/2024,3% INC,Retail Rent
2023,12,NEWTON20,BARKERRYAN,UNIT1,18/10/2023,31/03/2029,5Y 5M 14D,5yr,450,18/10/2024,3.5%INC,Commercial Rent
2023,12,NEWTON20,ARTC-20,WHOLE,03/11/2022,02/11/2024,2Y,2Yrs,0.01,,,
2023,12,NEWTON33,PROTEC-CPK,C/PK,01/12/2020,30/11/2024,4Y,2Yrs,0.01,30/11/2024,Market Review,Car Park Rent
2023,12,NEWTON33,ORSGROUP,UNIT1/2,21/09/2020,20/12/2023,3Y 3M,39Mths+3Yrs,456,21/12/2024,3% INC,Commercial Rent
2023,12,NEWTON33,PROTEC-U3,UNIT3,01/12/2020,30/11/2024,4Y,2Yrs,228,,,
2023,12,NEWTON33,WECARE,UNIT4,01/11/2019,31/10/2024,5Y,5+3Yrs,228,01/11/2024,3% INC,Commercial Rent
2023,12,NEWTON33,ARTC-U5,UNIT5,01/09/2019,31/08/2026,7Y,Rolling+7+2+2Yrs,2381,01/09/2024,Market Review,Outgoings
2023,12,OAKVILLE66,Vacant,WHOLE,,,,,,,,
2023,12,OLDPUNT27,IORPETROL,WHOLE,06/06/2021,05/06/2024,3Y,3Yrs,1041,05/06/2024,Market Review,Industrial Rent
2023,12,ORCHARD64,NEWFLOW,WHOLE,07/04/2022,06/04/2028,6Y,3Yrs,140,07/04/2024,CPI Review,Retail Rent
2023,12,PACHIGH554,LAKEREAL,GRDFLR,01/11/2016,30/11/2024,8Y 1M,7Yrs,211,01/03/2024,Expiry/Option,Retail Rent
2023,12,PACHIGH554,HUNTTRAVEL,GRDFLR39,01/11/2023,31/10/2029,6Y,Nil,87,01/11/2024,4% INC,Retail Rent
2023,12,PACHIGH554,BELMONTMED,GRDFLR554,22/07/2019,21/01/2027,7Y 6M,5+5Yrs,246,22/07/2024,3% INC,Retail Rent
2023,12,PACHIGH554,SKIPPEN,LEVEL1,01/02/2023,31/01/2028,5Y,Nil,267,01/02/2025,CPI Review,Commercial Rent
2023,12,PACHIGH554,LAKEMACQUA,SHOP2A,01/06/2020,31/10/2025,5Y 5M,5Yrs,146,01/06/2024,CPI Review,Retail Rent
2023,12,PACHIGH554,MYNTHAIR,SHOP2C,01/05/2023,30/04/2026,3Y,3Yrs,78,01/05/2025,3.5%INC,Retail Rent
2023,12,PACHIGH554,SMILEYS,SHOP3,01/05/2018,30/04/2024,6Y,6Yrs,98,01/05/2024,Market Review,Retail Rent
2023,12,PACHIGH554,AUHEARING,SHOP4,01/07/2021,30/06/2024,3Y,Nil,99,01/07/2024,Market Review,Retail Rent
2023,12,PACHIGH554,SUJEZ,SHOP5,16/01/2024,15/01/2029,5Y,Nil,136,16/01/2025,3% INC,Retail Rent
2023,12,PACHIGH554,STMCGARRY,SHOPS3/4A,06/10/2021,05/10/2024,3Y,3Yrs,207,06/10/2024,Market Review,Retail Rent
2023,12,PACHIGH556,NDDUNCAN,GRDFLR556,17/08/2020,16/08/2025,5Y,3Yrs,125,17/08/2024,3% INC,
2023,12,PACHIGH556,LISIMCOL,GRDFLR558,25/01/2019,24/01/2024,5Y,5+5Yrs,167,25/01/2024,Market Review,Commercial Rent
2023,12,PACHIGH556,C2GCOMPTY,WHOLE,17/03/2014,16/03/2024,10Y,Nil,221,17/03/2024,Market Review,Commercial Rent
2023,12,PACI139-U2,Vacant,UNIT2,,,,,,,,
2023,12,PAMBALONG8,BRADNAM,WHOLE,25/06/2023,24/07/2028,5Y 1M,5Yrs,1831,25/06/2024,3.5%INC,Industrial Rent
2023,12,PARKAVE80,SCJSUPPORT,WHOLE,24/08/2021,23/11/2031,10Y 3M,7Yrs,390,01/07/2024,3% INC,Outgoings
2023,12,PENDLE24,Vacant,WHOLE,,,,,,,,
2023,12,PENDLE57,SURVI-U1,UNIT1,15/01/2021,14/01/2026,5Y,5Yrs,1671,15/01/2025,Maximum of CPI,Industrial Rent
2023,12,PENDLE57,SURVI-U2,UNIT2,15/01/2021,14/01/2026,5Y,5Yrs,650,,,
2023,12,PIPPITA10,BRIMBLE,UNIT1,29/12/2021,28/12/2024,3Y,3Yrs,313,29/12/2024,Market Review,Industrial Rent
2023,12,PIPPITA10,AMBROSE,UNIT2,16/01/2023,15/01/2025,2Y,2Yrs,202,16/01/2025,Market Review,Industrial Rent
2023,12,PIPPITA10,Vacant,UNIT3,,,,,,,,
2023,12,PIPPITA10,CABRINI,UNIT4,14/01/2024,13/01/2026,2Y,2 x 2yrs,239,14/01/2025,> CPI or %,Industrial Rent
2023,12,PIPPITA11,SICADAFIRE,WHOLE,21/04/2023,20/04/2028,5Y,5yr,0,21/04/2023,Market Review,Commercial Rent
2023,12,PIPPITA3,WARRAH,UNIT1,01/07/2023,30/06/2025,2Y,2Yrs,963,01/07/2024,> CPI or %,Industrial Rent
2023,12,PIPPITA3,BJLWELDING,UNIT2,29/03/2022,28/03/2027,5Y,3Yrs,963,29/03/2025,CPI Review,Industrial Rent
2023,12,PORTLAND22,SUZANNE,WHOLE,15/04/2023,14/04/2024,1Y,Nil,42.6,15/04/2024,Market Review,Retail Rent
2023,12,RACECO102,SMOKIN,UNITS1/4,01/08/2023,31/07/2033,10Y,5+5Yrs,1305,01/08/2024,CPI Review,Industrial Rent
2023,12,RACECO131,LINMAG,WHOLE,01/04/2023,31/03/2025,2Y,2Yrs,600,01/04/2024,> CPI or %,Industrial Rent
2023,12,RACECO49,ALLQUIP,UNIT1/2,15/08/2021,14/08/2024,3Y,3Yrs,2732,15/08/2024,Market Review,Industrial Rent
2023,12,REGENT56,BLISSHAIR,WHOLE,01/12/2022,30/11/2027,5Y,5+5Yrs,172.9,01/12/2024,3% INC,Retail Rent
2023,12,REGENT58,MACDOUGALL,WHOLE,08/03/2024,07/03/2027,3Y,3 Yrs,251.45,08/03/2025,5% INC,Retail Rent
2023,12,REGENT87,WYNNSU-S2,SHOP2,13/12/2022,15/01/2024,1Y 1M 3D,7Yrs,40,16/01/2024,Market Review,
2023,12,REGENT87,MCGRATH,SHOP3,15/07/2022,14/07/2025,3Y,Nil,82.3,15/07/2024,CPI Review,Commercial Rent
2023,12,REGENT87,WYNNSU-STG,WHOLE,12/12/2022,15/01/2024,1Y 1M 4D,7Yrs,1,,,
2023,12,RI50U13U14,SBSOLAR,UNIT13,11/08/2023,10/08/2025,2Y,1 x 2yrs,162,11/08/2024,> CPI or %,Industrial Rent
2023,12,RI50U13U14,KSBAUSTRAL,UNIT14,06/11/2023,05/11/2025,2Y,1 x 1 Yr,162,06/11/2024,> CPI or %,Industrial Rent
2023,12,RIVER17,THESHUT,UNIT8,01/11/2023,31/10/2024,1Y,Nil,126.6,,,
2023,12,RIVER50,RILLANAY,UNIT2,11/09/2023,10/09/2025,2Y,2 Yrs,105,11/09/2024,> CPI or %,Commercial Rent
2023,12,RIVERS31,BOWYMADE,UNIT18,01/07/2023,30/06/2025,2Y,1Yrs,182,01/07/2024,> CPI or %,Industrial Rent
2023,12,RIVERS46,COTTONELEC,UNIT4,11/10/2021,10/10/2023,2Y,2Yrs,121,11/10/2024,> CPI or %,Industrial Rent
2023,12,RMFUDA,REMITEAFRI,UNIT5,06/11/2023,05/11/2026,3Y,2 x 3yrs,252,06/11/2024,> CPI or %,Commercial Rent
2023,12,ROYAL1,LUALSERV,WHOLE,01/09/2022,31/08/2024,2Y,5+5Yrs,238,01/09/2025,> CPI or %,Commercial Rent
2023,12,RURAL32,WALKER,WHOLE,17/05/2023,16/05/2026,3Y,3Yrs,218,17/05/2025,3.5%INC,Industrial Rent
2023,12,SCHOOL13,INQUIK,WHOLE,06/04/2021,05/04/2025,4Y,Nil,1863,,,
2023,12,SCOTT175,PROPNSW-L1,LEVEL1,01/08/2021,31/07/2027,6Y,3Yrs,898.3,01/08/2024,3.25% INC,Commercial Rent
2023,12,SCOTT64,CKCHOTELS,WHOLE,15/03/2023,14/03/2028,5Y,,372,15/03/2024,CPI Review,Commercial Rent
2023,12,SHORTLA61,NEWLYBEACH,SHOP102,08/07/2023,07/07/2028,5Y,5Yrs,114,08/07/2024,CPI Review,Retail Rent
2023,12,SKYLINE1,MACPHYSIO,WHOLE,01/04/2021,31/03/2026,5Y,,1,01/04/2025,CPI Review,Commercial Rent
2023,12,SPIT16,DORMAKABA,UNIT1,01/09/2018,31/08/2026,8Y,3Yrs,494,01/09/2024,CPI Review,Industrial Rent
2023,12,SPIT20,MULLETLORD,UNIT5,01/08/2023,31/07/2026,3Y,3Yrs,278,01/08/2024,> CPI or %,Outgoings
2023,12,SPIT63,PERRYPLUMB,UNIT63,06/10/2023,05/10/2024,1Y,1 yr,30,06/10/2024,Market Review,Industrial Rent
2023,12,SPIT64,SKINBONE,UNIT64,06/11/2023,05/11/2024,1Y,Nil,62,06/11/2024,< CPI or %,Commercial Rent
2023,12,SPIT8,Vacant,LOT33,,,,,,,,
2023,12,SPIT8,Vacant,LOT34/35,,,,,,,,
2023,12,SUPER10-U1,BEAM,UNIT1,27/06/2023,26/06/2024,1Y,1Yrs,1,,,
2023,12,SUPER10-U2,HUNTFIRE,UNIT2,17/12/2021,16/12/2026,5Y,5Yrs,172,17/12/2024,> CPI or %,Industrial Rent
2023,12,SUPER10-U7,SOUTHERN,UNIT7,03/06/2022,02/06/2024,2Y,2Yrs,1,03/06/2024,Market Review,Industrial Rent
2023,12,THEBOULE34,LIFE-U34,WHOLE,06/03/2023,05/03/2026,3Y,3Yrs,305,06/03/2024,CPI Review,Outgoings
2023,12,THEESPLANA,JMBNSW,UNIT3,03/08/2023,02/08/2028,5Y,5Yrs,176,03/08/2024,4% INC,Commercial Rent
2023,12,THROSBY2-6,EXPRESS,WHOLE,18/01/2020,17/01/2025,5Y,5Yrs,329,18/01/2025,Market Review,Commercial Rent
2023,12,THROSBY41,CHESTERFIE,41A,17/06/2021,16/06/2023,2Y,2 yrs,190,,,
2023,12,THROSBY41,BILLETTLAN,41C,01/11/2022,31/10/2025,3Y,3 yrs,350,01/11/2024,> CPI or %,Industrial Rent
2023,12,TIGHE4,THIRDI,WHOLE,01/10/2022,30/09/2025,3Y,,1360,,,
2023,12,TOMAGO7936,MAINEVENT,UNIT6,01/09/2022,31/08/2025,3Y,3Yrs,680,01/09/2024,> CPI or %,Outgoings
2023,12,TURT270-11,LIFESPAN,UNIT11,17/01/2022,16/01/2025,3Y,2Yrs,100,17/01/2025,Market Review,Outgoings
2023,12,TURT270-2,CAROLL,UNIT2,01/11/2023,31/10/2028,5Y,3yrs,119,01/11/2024,CPI Review,Commercial Rent
2023,12,TURT270-3,INDEPMOB,UNIT3,19/08/2021,18/08/2023,2Y,Holding Over,143,,,
2023,12,U58-8SPITI,Vacant,UNIT58,,,,,,,,
2023,12,UNION203,MITHCREVS,GRDFLR,15/12/2022,14/12/2025,3Y,3Yrs,150,15/12/2024,3% INC,Retail Rent
2023,12,UNION203,JACKSON,LEVEL1,23/08/2021,22/08/2023,2Y,3+3+3Yrs,1,23/08/2024,CPI Review,Commercial Rent
2023,12,UNION31,LILYTONI,WHOLE,19/12/2023,28/02/2025,1Y 2M 10D,,93.1,09/12/2024,% Incr.,Retail Rent
2023,12,VARDON3-5,TILLYSPLAY,WHOLE,10/10/2019,09/10/2034,15Y,10+10Yrs,720,10/10/2024,> CPI or %,Commercial Rent
2023,12,VICTORY56,XANA,UNIT2,12/08/2022,11/08/2025,3Y,,1,12/08/2024,CPI Review,
2023,12,WARABROOK,HUNTERPRIM,WHOLE,01/08/2022,31/07/2027,5Y,5 yrs,1665,01/08/2024,> CPI or %,Commercial Rent
2023,12,WOLLOM384,BELLBIRD,WHOLE,15/09/2021,14/09/2031,10Y,10Yrs,1,15/09/2024,3% INC,Commercial Rent
2023,12,YILEN27,OXYGROUP,UNIT1,01/03/2019,31/08/2024,5Y 6M,5Yrs,887,01/09/2024,Market Review,
2023,12,YILEN27,WATERNSW,UNIT2,01/03/2023,31/05/2028,5Y 3M,3Yrs,887,01/03/2025,4% INC,Industrial Rent
2023,12,YILEN27,STODDART,UNIT3,16/05/2022,15/05/2025,3Y,3+3Yrs,887,16/05/2025,Market Review,Industrial Rent
2023,12,YILEN27,QUICKWAY,UNIT4,15/05/2023,14/05/2026,3Y,3Yrs,887,15/05/2024,> CPI or %,Industrial Rent
2023,12,YILEN27,VISION,UNIT5,10/08/2020,09/10/2025,5Y 2M,,867,10/10/2024,> CPI or %,Industrial Rent
2023,12,YILEN27,METSO,UNIT7,06/11/2020,05/01/2025,4Y 2M,4Yrs,2702,06/11/2024,> CPI or %,Industrial Rent
2023,12,YILEN27,BORDER,UNIT8,06/08/2022,05/08/2025,3Y,1+1+1Yrs,2605.6,06/08/2024,3% INC,Industrial Rent
2023,12,YILEN3,TORQITPTY,WHOLE,01/02/2021,31/01/2024,3Y,3Yrs,856.57,,,
2023,12,YILEN31,Vacant,UNIT2,,,,,,,,
2023,12,YILEN33-U1,JASONBECK,UNIT1/L6,20/06/2022,19/12/2023,1Y 6M,2Yrs,167,,,
2023,12,YILEN33-U3,COASTTOCOU,UNIT3/L4,29/07/2022,28/07/2025,3Y,3Yrs,85,29/07/2024,> CPI or %,Industrial Rent
2023,12,YILEN33-U5,COMBINED,UNIT5/L2,01/07/2022,30/06/2025,3Y,3Yrs,143,01/07/2024,> CPI or %,Commercial Rent
2023,12,YILEN36-1,MINIFABMET,UNIT1,26/10/2023,25/10/2027,4Y,2Yrs,357,26/10/2024,> CPI or %,Commercial Rent
